std_dev,rms,min,max,zero_crossings,avg_amp_change,amp_first_burst,mean_abs_value,wave_form_length,willison_amp
44.4683632232492,612.463281030468,514.8,733.69,0,4.195725190839697,594.99,610.8468181818181,549.6400000000003,51
